{
    "utterances": [
        {
            "text": "I am confused",
            "entities": [],
            "traits": [],
            "intent": "get_help"
        },
        {
            "text": "I need assistance",
            "entities": [],
            "traits": [],
            "intent": "get_help"
        },
        {
            "text": "I need help",
            "entities": [],
            "traits": [],
            "intent": "get_help"
        },
        {
            "text": "I want to checkout",
            "entities": [],
            "traits": [],
            "intent": "checkout"
        },
        {
            "text": "I would like to checkout",
            "entities": [],
            "traits": [],
            "intent": "checkout"
        },
        {
            "text": "I would like to checkout my items",
            "entities": [],
            "traits": [],
            "intent": "checkout"
        },
        {
            "text": "add 3 coconuts to cart",
            "entities": [],
            "traits": [],
            "intent": "add_item"
        },
        {
            "text": "add 4 donuts to my cart",
            "entities": [],
            "traits": [],
            "intent": "add_item"
        },
        {
            "text": "add 7 bagels to cart",
            "entities": [],
            "traits": [],
            "intent": "add_item"
        },
        {
            "text": "add 7 eggs",
            "entities": [],
            "traits": [],
            "intent": "add_item"
        },
        {
            "text": "add an apple to cart",
            "entities": [],
            "traits": [],
            "intent": "add_item"
        },
        {
            "text": "add apples",
            "entities": [],
            "traits": [],
            "intent": "add_item"
        },
        {
            "text": "add coconuts to cart",
            "entities": [],
            "traits": [],
            "intent": "add_item"
        },
        {
            "text": "add donuts",
            "entities": [],
            "traits": [],
            "intent": "add_item"
        },
        {
            "text": "add donuts to cart",
            "entities": [],
            "traits": [],
            "intent": "add_item"
        },
        {
            "text": "check out",
            "entities": [],
            "traits": [],
            "intent": "checkout"
        },
        {
            "text": "checkout",
            "entities": [],
            "traits": [],
            "intent": "checkout"
        },
        {
            "text": "checkout all items",
            "entities": [],
            "traits": [],
            "intent": "checkout"
        },
        {
            "text": "checkout cart",
            "entities": [],
            "traits": [],
            "intent": "checkout"
        },
        {
            "text": "checkout items",
            "entities": [],
            "traits": [],
            "intent": "checkout"
        },
        {
            "text": "checkout my items",
            "entities": [],
            "traits": [],
            "intent": "checkout"
        },
        {
            "text": "checkout please",
            "entities": [],
            "traits": [],
            "intent": "checkout"
        },
        {
            "text": "confirm purchase",
            "entities": [],
            "traits": [],
            "intent": "checkout"
        },
        {
            "text": "display cart",
            "entities": [],
            "traits": [],
            "intent": "view_cart"
        },
        {
            "text": "display items in cart",
            "entities": [],
            "traits": [],
            "intent": "view_cart"
        },
        {
            "text": "display the items in my basket",
            "entities": [],
            "traits": [],
            "intent": "view_cart"
        },
        {
            "text": "done",
            "entities": [],
            "traits": [],
            "intent": "checkout"
        },
        {
            "text": "finished shopping",
            "entities": [],
            "traits": [],
            "intent": "checkout"
        },
        {
            "text": "get help",
            "entities": [],
            "traits": [],
            "intent": "get_help"
        },
        {
            "text": "get the cost of a donut",
            "entities": [],
            "traits": [],
            "intent": "get_price"
        },
        {
            "text": "get the price of an egg",
            "entities": [],
            "traits": [],
            "intent": "get_price"
        },
        {
            "text": "help",
            "entities": [],
            "traits": [],
            "intent": "get_help"
        },
        {
            "text": "help me",
            "entities": [],
            "traits": [],
            "intent": "get_help"
        },
        {
            "text": "how much does an apple cost",
            "entities": [],
            "traits": [],
            "intent": "get_price"
        },
        {
            "text": "how much is a bagel",
            "entities": [],
            "traits": [],
            "intent": "get_price"
        },
        {
            "text": "how much is the price of a donut",
            "entities": [],
            "traits": [],
            "intent": "get_price"
        },
        {
            "text": "i am done",
            "entities": [],
            "traits": [],
            "intent": "checkout"
        },
        {
            "text": "i finished shopping",
            "entities": [],
            "traits": [],
            "intent": "checkout"
        },
        {
            "text": "joe mama",
            "entities": [],
            "traits": []
        },
        {
            "text": "proceed checkout",
            "entities": [],
            "traits": [],
            "intent": "checkout"
        },
        {
            "text": "purchase items",
            "entities": [],
            "traits": [],
            "intent": "checkout"
        },
        {
            "text": "put 3 bagels in my cart",
            "entities": [],
            "traits": [],
            "intent": "get_price"
        },
        {
            "text": "remove 12 eggs",
            "entities": [],
            "traits": [],
            "intent": "remove_item"
        },
        {
            "text": "remove 4 eggs",
            "entities": [],
            "traits": [],
            "intent": "remove_item"
        },
        {
            "text": "remove 7 apples",
            "entities": [],
            "traits": [],
            "intent": "remove_item"
        },
        {
            "text": "remove coconuts",
            "entities": [],
            "traits": [],
            "intent": "remove_item"
        },
        {
            "text": "remove eggs from cart",
            "entities": [],
            "traits": [],
            "intent": "remove_item"
        },
        {
            "text": "remove items from cart",
            "entities": [],
            "traits": [],
            "intent": "remove_item"
        },
        {
            "text": "review cart",
            "entities": [],
            "traits": [],
            "intent": "view_cart"
        },
        {
            "text": "take out 5 apples from cart",
            "entities": [],
            "traits": [],
            "intent": "remove_item"
        },
        {
            "text": "take out 9 eggs from cart",
            "entities": [],
            "traits": [],
            "intent": "remove_item"
        },
        {
            "text": "take out apples",
            "entities": [],
            "traits": [],
            "intent": "remove_item"
        },
        {
            "text": "take out bagels from cart",
            "entities": [],
            "traits": [],
            "intent": "remove_item"
        },
        {
            "text": "take out donuts",
            "entities": [],
            "traits": [],
            "intent": "remove_item"
        },
        {
            "text": "view cart",
            "entities": [],
            "traits": [],
            "intent": "view_cart"
        },
        {
            "text": "what can I buy",
            "entities": [],
            "traits": [],
            "intent": "get_items"
        },
        {
            "text": "what can I do",
            "entities": [],
            "traits": [],
            "intent": "get_help"
        },
        {
            "text": "what can I purchase",
            "entities": [],
            "traits": [],
            "intent": "get_items"
        },
        {
            "text": "what can be bought",
            "entities": [],
            "traits": [],
            "intent": "get_items"
        },
        {
            "text": "what does an apple cost",
            "entities": [],
            "traits": [],
            "intent": "get_price"
        },
        {
            "text": "what is available",
            "entities": [],
            "traits": [],
            "intent": "get_items"
        },
        {
            "text": "what is in my basket",
            "entities": [],
            "traits": [],
            "intent": "view_cart"
        },
        {
            "text": "what is in my cart",
            "entities": [],
            "traits": [],
            "intent": "view_cart"
        },
        {
            "text": "what is there to purchase",
            "entities": [],
            "traits": [],
            "intent": "get_items"
        },
        {
            "text": "what items cans I buy",
            "entities": [],
            "traits": [],
            "intent": "get_items"
        },
        {
            "text": "what's for sale",
            "entities": [],
            "traits": [],
            "intent": "get_items"
        },
        {
            "text": "what's in my basket",
            "entities": [],
            "traits": [],
            "intent": "view_cart"
        },
        {
            "text": "what's in my cart",
            "entities": [],
            "traits": [],
            "intent": "view_cart"
        },
        {
            "text": "what's the price of a coconut",
            "entities": [],
            "traits": [],
            "intent": "get_price"
        }
    ]
}
